,Cumulative Returns,Standard Deviation,Mean
TOS Portfolio,5.786099999999966,0.004547823197908002,0.0038167861508578214
Benchmark Portfolio,0.012300000000004196,0.017004366271213763,0.00016808697819094233
